{
    "layer_type": "GridLayer",
    "layer_data": "Int16",
    "tileLonSize": 1.0,
    "blockLatSize": 0.1,
    "tileLatSize": 1.0,
    "attributes": {
        "1": 3600,
        "2": 3100,
        "3": 22202,
        "4": 13203,
        "5": 200000,
        "6": 3000,
        "7": 12103,
        "8": 52203,
        "9": 12153,
        "10": 12102,
        "11": 12152,
        "12": 14101,
        "13": 14152,
        "14": 14151,
        "15": 3700,
        "16": 14202,
        "17": 71203,
        "18": 51202,
        "19": 13151,
        "20": 21153,
        "21": 14103,
        "22": 14203,
        "23": 3300,
        "24": 51203,
        "25": 52153,
        "26": 14153,
        "27": 52202,
        "28": 13153,
        "29": 32202,
        "30": 13201,
        "31": 13202,
        "32": 21152,
        "33": 12101,
        "34": 14102,
        "35": 13152,
        "36": 51153,
        "37": 71202,
        "38": 283003,
        "39": 12151,
        "40": 22201,
        "41": 32152,
        "42": 14052,
        "43": 31203,
        "44": 5100,
        "45": 32153,
        "46": 22153,
        "47": 71152,
        "48": 3500
    },
    "cellLatSize": 0.001,
    "nodata": -1,
    "cellLonSize": 0.001,
    "blockLonSize": 0.1
}